frame_num,uav_lat,uav_lon,error,true_distance,u,v,phi,true_posex,true_posey
580,32.29599225,119.8851849,0.0,0.0,0.0,0.0,-41.510792,0.0,0.0
581,32.296605262247255,119.88424187359756,17.229857632022412,94.72273278280196,-139.29074096679688,-956.4014892578125,-42.026454,-76.05954006826505,56.45655383076519
582,32.29711582377983,119.88345643471193,15.545042542534928,189.60256782986545,-389.3189392089844,-1729.5209350585938,-40.084127,-154.2070354251191,110.31465883133933
583,32.29757190270682,119.88275479755495,3.2373974786880666,285.17580181472243,-551.1476745605469,-2430.91015625,-40.920646,-231.3481570634758,166.74312028987333
584,32.298056357867694,119.88200949226527,3.1382499337662764,379.88290201489406,-695.8018035888672,-3180.7113647460938,-40.72011,-307.39568120683543,223.2015107893385
